,Force,Displacement,Velocity
Scale,0.49520,10.00000,1.00000
Offset,-0.41250,-1.36500,0.00700
